{"cameraMode":{"drawMode":0,"name":"Shaded","section":"Shading Mode"},"sceneLighting":true,"audioPlay":false,"sceneViewState":{"showFog":true,"showMaterialUpdate":false,"showSkybox":true,"showFlares":true,"showImageEffects":true,"showParticleSystems":true},"in2DMode":false,"pivot":{"x":30.804996490478517,"y":8.89118480682373,"z":12.699999809265137},"rotation":{"x":-0.18521441519260407,"y":0.6697109937667847,"z":-0.17802101373672486,"w":-0.6967721581459045},"size":93.95155334472656,"orthographic":false}