{"cameraMode":{"drawMode":0,"name":"Shaded","section":"Shading Mode"},"sceneLighting":true,"audioPlay":false,"sceneViewState":{"showFog":true,"showMaterialUpdate":false,"showSkybox":true,"showFlares":true,"showImageEffects":true,"showParticleSystems":true},"in2DMode":false,"pivot":{"x":491.9100036621094,"y":0.1679999977350235,"z":508.4389953613281},"rotation":{"x":0.30472254753112795,"y":-0.03047645278275013,"z":0.009756856597959996,"w":0.9519073963165283},"size":4.834195613861084,"orthographic":false}