{"cameraMode":{"drawMode":0,"name":"Shaded","section":"Shading Mode"},"sceneLighting":false,"audioPlay":false,"sceneViewState":{"showFog":true,"showMaterialUpdate":false,"showSkybox":false,"showFlares":true,"showImageEffects":true,"showParticleSystems":true},"in2DMode":false,"pivot":{"x":32.05120086669922,"y":1.4272079467773438,"z":-139.2977294921875},"rotation":{"x":0.0018527235370129347,"y":-0.9705880284309387,"z":0.24092698097229005,"w":0.008288750424981118},"size":1003.6989135742188,"orthographic":false}