{"cameraMode":{"drawMode":0,"name":"Shaded","section":"Shading Mode"},"sceneLighting":true,"audioPlay":false,"sceneViewState":{"showFog":true,"showMaterialUpdate":false,"showSkybox":true,"showFlares":true,"showImageEffects":true,"showParticleSystems":true},"in2DMode":false,"pivot":{"x":539.1674194335938,"y":1079.89453125,"z":-0.10276930034160614},"rotation":{"x":0.11763188987970352,"y":0.004779997281730175,"z":-0.0007592366309836507,"w":0.9931542277336121},"size":1610.305419921875,"orthographic":false}