{"cameraMode":{"drawMode":0,"name":"Shaded","section":"Shading Mode"},"sceneLighting":false,"audioPlay":false,"sceneViewState":{"showFog":true,"showMaterialUpdate":false,"showSkybox":false,"showFlares":true,"showImageEffects":true,"showParticleSystems":true},"in2DMode":false,"pivot":{"x":492.15252685546877,"y":0.5795356035232544,"z":509.12738037109377},"rotation":{"x":-0.1298765391111374,"y":0.03210724890232086,"z":-0.004329039715230465,"w":-0.9910709857940674},"size":1.1356956958770753,"orthographic":false}